Job_Title,Job_Category,Skill,Job_Count
Managing Data Scientist/ML Engineer,Data Scientist,spark,1
Managing Data Scientist/ML Engineer,Data Scientist,excel,1
Managing Data Scientist/ML Engineer,Data Scientist,SQL,1
Managing Data Scientist/ML Engineer,Data Scientist,hadoop,1
Managing Data Scientist/ML Engineer,Data Scientist,mongo,1
Product Engineer – Spatial Data Science and Statistical Analysis,Data Scientist,Python,1
Managing Data Scientist/ML Engineer,Data Scientist,tableau,1
"Associate, Data Science, Internal Audit",Data Scientist,Python,1
"Associate, Data Science, Internal Audit",Data Scientist,excel,1
"Associate, Data Science, Internal Audit",Data Scientist,SQL,1
"Associate, Data Science, Internal Audit",Data Scientist,sas,1
Senior LiDAR Data Scientist,Data Scientist,Python,1
Senior LiDAR Data Scientist,Data Scientist,aws,1
Product Engineer – Spatial Data Science and Statistical Analysis,Data Scientist,spark,1
Product Engineer – Spatial Data Science and Statistical Analysis,Data Scientist,excel,1
Product Engineer – Spatial Data Science and Statistical Analysis,Data Scientist,scikit,1
"Director II, Data Science - GRS Predictive Analytics",Data Scientist,Python,1
"Director II, Data Science - GRS Predictive Analytics",Data Scientist,sas,1
Senior Data Scientist 4 Artificial Intelligence,Data Scientist,tensor,1
Geospatial Software Developer and Data Scientist,Data Scientist,Python,1
Geospatial Software Developer and Data Scientist,Data Scientist,keras,1
Geospatial Software Developer and Data Scientist,Data Scientist,pytorch,1
Geospatial Software Developer and Data Scientist,Data Scientist,scikit,1
Geospatial Software Developer and Data Scientist,Data Scientist,tensor,1
Director Data Science,Data Scientist,Python,1
Director Data Science,Data Scientist,aws,1
Geospatial Software Developer and Data Scientist,Data Scientist,aws,1
Senior Data Scientist 4 Artificial Intelligence,Data Scientist,pytorch,1
Product Engineer – Spatial Data Science and Statistical Analysis,Data Scientist,tensor,1
Sr Software Engineer (Data Scientist),Data Scientist,excel,1
Sr Software Engineer (Data Scientist),Data Scientist,SQL,1
Sr Software Engineer (Data Scientist),Data Scientist,pytorch,1
Sr Software Engineer (Data Scientist),Data Scientist,tensor,1
Senior Data Scientist Artificial Intelligence,Data Scientist,pytorch,1
Senior Data Scientist Artificial Intelligence,Data Scientist,tensor,1
Product Engineer – Spatial Data Science and Statistical Analysis,Data Scientist,pytorch,1
Director Data Science,Data Scientist,excel,1
"Senior Manager, Epidemiologic Data Scientist",Data Scientist,excel,1
Product Engineer – Data Science,Data Scientist,SQL,1
Data Analytics Project Manager,Data Scientist,excel,1
Product Engineer – Data Science,Data Scientist,Python,1
Computational Chemist/Data Scientist,Data Scientist,Python,1
Revenue Analytics Manager,Data Scientist,tableau,1
Revenue Analytics Manager,Data Scientist,SQL,1
"Senior Manager, Epidemiologic Data Scientist",Data Scientist,aws,1
Revenue Analytics Manager,Data Scientist,excel,1
Senior Data Scientist - R&D Oncology,Data Scientist,Python,1
"Director II, Data Science - GRM Actuarial",Data Scientist,Python,1
"Director II, Data Science - GRM Actuarial",Data Scientist,sas,1
Senior Insurance Data Scientist,Data Scientist,Python,1
Senior Insurance Data Scientist,Data Scientist,excel,1
Senior Insurance Data Scientist,Data Scientist,SQL,1
Senior Insurance Data Scientist,Data Scientist,sas,1
Director Data Science,Data Scientist,SQL,1
Director Data Science,Data Scientist,Business_Intelligence,1
Manager of Data Science,Data Scientist,SQL,1
Manager of Data Science,Data Scientist,scikit,1
Manager of Data Science,Data Scientist,tensor,1
Software Engineer (Data Scientist/Software Engineer) - SISW - MG,Data Scientist,Python,1
Software Engineer (Data Scientist/Software Engineer) - SISW - MG,Data Scientist,excel,1
Software Engineer (Data Scientist/Software Engineer) - SISW - MG,Data Scientist,keras,1
Software Engineer (Data Scientist/Software Engineer) - SISW - MG,Data Scientist,tensor,1
Manager of Data Science,Data Scientist,spark,1
Data Science Manager,Data Scientist,Python,1
Data Science Manager,Data Scientist,SQL,1
Manager of Data Science,Data Scientist,Python,1
Product Manager/Data Evangelist,Data Scientist,Python,1
Product Manager/Data Evangelist,Data Scientist,aws,1
Product Manager/Data Evangelist,Data Scientist,SQL,1
Data Scientist (Warehouse Automation),Data Scientist,SQL,1
Data Scientist (Warehouse Automation),Data Scientist,tableau,1
Data Scientist (Warehouse Automation),Data Scientist,Business_Intelligence,1
Jr. Data Scientist,Data Scientist,Python,1
Jr. Data Scientist,Data Scientist,spark,1
Jr. Data Scientist,Data Scientist,excel,1
Jr. Data Scientist,Data Scientist,SQL,1
Jr. Data Scientist,Data Scientist,sas,1
Data Scientist (Warehouse Automation),Data Scientist,aws,1
Jr. Data Scientist,Data Scientist,hadoop,1
Jr. Data Scientist,Data Scientist,tableau,1
Data Scientist (Warehouse Automation),Data Scientist,Python,1
"Manager, Safety Scientist, Medical Safety & Risk Management",Data Scientist,excel,1
Director Data Science,Data Scientist,tableau,1
Data Scientist Manager,Data Scientist,sas,1
Data Scientist Manager,Data Scientist,scikit,1
Data Scientist Manager,Data Scientist,hadoop,1
Data Scientist Manager,Data Scientist,mongo,1
Senior Data Scientist - Algorithms,Data Scientist,Python,1
Senior Data Scientist - Algorithms,Data Scientist,scikit,1
Senior Data Scientist - Algorithms,Data Scientist,hadoop,1
Data Scientist Manager,Data Scientist,SQL,1
Senior Data Scientist Oncology,Data Scientist,Python,1
Data Scientist - Systems Engineering,Data Scientist,Python,1
Data Scientist - Systems Engineering,Data Scientist,excel,1
Data Scientist - Systems Engineering,Data Scientist,SQL,1
Data Scientist - Systems Engineering,Data Scientist,sas,1
Data Scientist - Systems Engineering,Data Scientist,tableau,1
Data Scientist - Systems Engineering,Data Scientist,mongo,1
Principal Data Scientist,Data Scientist,aws,1
Senior Data Scientist Oncology,Data Scientist,excel,1
Data Scientist Manager,Data Scientist,excel,1
Data Scientist Manager,Data Scientist,spark,1
Data Scientist Manager,Data Scientist,Python,1
Associate Machine Learning Engineer / Data Scientist May 2020 Undergrad,Data Scientist,Python,1
Associate Machine Learning Engineer / Data Scientist May 2020 Undergrad,Data Scientist,spark,1
Data Scientist - Sales,Data Scientist,Python,1
Data Scientist - Sales,Data Scientist,excel,1
Data Scientist - Sales,Data Scientist,tableau,1
Data Science Project Manager,Data Scientist,excel,1
Data Scientist - Sales,Data Scientist,SQL,1
"Sr Expert Data Science, Advanced Visual Analytics (Associate level)",Data Scientist,Business_Intelligence,1
"Sr Expert Data Science, Advanced Visual Analytics (Associate level)",Data Scientist,tableau,1
"Sr Expert Data Science, Advanced Visual Analytics (Associate level)",Data Scientist,sas,1
Data Science Engineer - Mobile,Data Scientist,Python,1
Data Science Engineer - Mobile,Data Scientist,excel,1
Data Science Engineer - Mobile,Data Scientist,SQL,1
Data Science Engineer - Mobile,Data Scientist,hadoop,1
Data Science Engineer - Mobile,Data Scientist,tableau,1
Data Science Engineer - Mobile,Data Scientist,Business_Intelligence,1
"Sr Expert Data Science, Advanced Visual Analytics (Associate level)",Data Scientist,Python,1
"Sr Expert Data Science, Advanced Visual Analytics (Associate level)",Data Scientist,SQL,1
"Data Scientist, Senior",Data Scientist,mongo,1
Data Analytics Manager,Data Scientist,excel,1
Data Analytics Manager,Data Scientist,SQL,1
Data Analytics Manager,Data Scientist,tableau,1
Senior Machine Learning (ML) Engineer / Data Scientist - Cyber Security Analytics,Data Scientist,Python,1
Senior Machine Learning (ML) Engineer / Data Scientist - Cyber Security Analytics,Data Scientist,spark,1
Senior Machine Learning (ML) Engineer / Data Scientist - Cyber Security Analytics,Data Scientist,SQL,1
Senior Machine Learning (ML) Engineer / Data Scientist - Cyber Security Analytics,Data Scientist,hadoop,1
Senior Machine Learning (ML) Engineer / Data Scientist - Cyber Security Analytics,Data Scientist,tableau,1
Senior Data Scientist,Data Scientist,keras,1
Data Scientist/ML Engineer,Data Scientist,Python,1
Data Scientist/ML Engineer,Data Scientist,spark,1
Data Analytics Manager,Data Scientist,aws,1
Data Analytics Manager,Data Scientist,Python,1
Data Scientist II,Data Scientist,tableau,1
Data Scientist II,Data Scientist,sas,1
Insurance Data Scientist,Data Scientist,Python,1
Insurance Data Scientist,Data Scientist,spark,1
Insurance Data Scientist,Data Scientist,SQL,1
Insurance Data Scientist,Data Scientist,sas,1
"Data Scientist, Rice University",Data Scientist,Python,1
Data Scientist/ML Engineer,Data Scientist,excel,1
"Data Scientist, Rice University",Data Scientist,SQL,1
Data Scientist II,Data Scientist,Python,1
Data Scientist II,Data Scientist,spark,1
Data Scientist II,Data Scientist,SQL,1
"Data Scientist, Rice University",Data Scientist,tensor,1
Data Scientist/ML Engineer,Data Scientist,SQL,1
Data Scientist/ML Engineer,Data Scientist,tableau,1
Senior Spark Engineer (Data Science),Data Scientist,Python,1
Senior Spark Engineer (Data Science),Data Scientist,spark,1
Senior Spark Engineer (Data Science),Data Scientist,aws,1
Senior Spark Engineer (Data Science),Data Scientist,SQL,1
Senior Spark Engineer (Data Science),Data Scientist,mongo,1
BI & Platform Analytics Manager,Data Scientist,Python,1
BI & Platform Analytics Manager,Data Scientist,excel,1
BI & Platform Analytics Manager,Data Scientist,tableau,1
BI & Platform Analytics Manager,Data Scientist,Business_Intelligence,1
Lead Data Scientist,Data Scientist,spark,1
Lead Data Scientist,Data Scientist,aws,1
Lead Data Scientist,Data Scientist,Business_Intelligence,1
Customer Data Scientist/Sales Engineer,Data Scientist,hadoop,1
Customer Data Scientist/Sales Engineer,Data Scientist,tensor,1
Data Scientist/ML Engineer,Data Scientist,mongo,1
Sr. Data Scientist,Data Scientist,Python,1
Sr. Data Scientist,Data Scientist,SQL,1
Data Scientist/ML Engineer,Data Scientist,hadoop,1
Data Scientist - Bioinformatics,Data Scientist,Python,1
Customer Data Scientist/Sales Engineer,Data Scientist,Python,1
Customer Data Scientist/Sales Engineer,Data Scientist,spark,1
Customer Data Scientist/Sales Engineer,Data Scientist,aws,1
Customer Data Scientist/Sales Engineer,Data Scientist,excel,1
Customer Data Scientist/Sales Engineer,Data Scientist,keras,1
Customer Data Scientist/Sales Engineer,Data Scientist,scikit,1
Senior Data Scientist,Data Scientist,mongo,1
Digital Health Data Scientist,Data Scientist,excel,1
Clinical Data Scientist,Data Scientist,aws,1
Clinical Data Scientist,Data Scientist,excel,1
Data Scientist / Machine Learning Expert,Data Scientist,Python,1
Data Scientist / Machine Learning Expert,Data Scientist,pytorch,1
Data Scientist / Machine Learning Expert,Data Scientist,scikit,1
Lead Data Scientist,Data Scientist,sas,1
Lead Data Scientist,Data Scientist,tableau,1
Digital Health Data Scientist,Data Scientist,aws,1
Digital Health Data Scientist,Data Scientist,Python,1
Data Scientist - Quantitative,Data Scientist,mongo,1
Data Scientist - Quantitative,Data Scientist,SQL,1
Healthcare Data Scientist,Data Scientist,Python,1
Staff Data Scientist - Technology,Data Scientist,SQL,1
Staff Data Scientist - Technology,Data Scientist,hadoop,1
Customer Data Scientist,Data Scientist,Python,1
College Hire - Data Scientist - Open to December 2019 Graduates,Data Scientist,tableau,1
Customer Data Scientist,Data Scientist,spark,1
Customer Data Scientist,Data Scientist,excel,1
Customer Data Scientist,Data Scientist,hadoop,1
Data Scientist - Health Data Analytics,Data Scientist,SQL,1
Senior Data Scientist / Machine Learning,Data Scientist,excel,1
Data Scientist - Quantitative,Data Scientist,Python,1
Data Scientist - Quantitative,Data Scientist,aws,1
Data Scientist - Quantitative,Data Scientist,excel,1
Customer Data Scientist,Data Scientist,aws,1
"Data Scientist, Office of Data Science",Data Scientist,Python,1
Data Science Analyst,Data Scientist,Python,1
Data Science Analyst,Data Scientist,excel,1
R&D Sr Data Scientist,Data Scientist,aws,1
R&D Sr Data Scientist,Data Scientist,SQL,1
R&D Sr Data Scientist,Data Scientist,scikit,1
R&D Sr Data Scientist,Data Scientist,tensor,1
Customer Data Scientist/Sales Engineer (Bay,Data Scientist,Python,1
Customer Data Scientist/Sales Engineer (Bay,Data Scientist,spark,1
Customer Data Scientist/Sales Engineer (Bay,Data Scientist,aws,1
R&D Sr Data Scientist,Data Scientist,spark,1
Customer Data Scientist/Sales Engineer (Bay,Data Scientist,excel,1
Customer Data Scientist/Sales Engineer (Bay,Data Scientist,scikit,1
Customer Data Scientist/Sales Engineer (Bay,Data Scientist,tensor,1
Customer Data Scientist/Sales Engineer (Bay,Data Scientist,hadoop,1
Customer Data Scientist/Sales Engineer (Bay,Data Scientist,keras,1
Lead Data Scientist,Data Scientist,hadoop,1
Data Scientist SR,Data Scientist,hadoop,1
Data Scientist SR,Data Scientist,spark,1
Data Science Analyst,Data Scientist,tableau,1
Senior Risk Data Scientist,Data Scientist,SQL,1
Senior Risk Data Scientist,Data Scientist,sas,1
Data Scientist in Artificial Intelligence Early Career,Data Scientist,pytorch,1
Data Scientist in Artificial Intelligence Early Career,Data Scientist,tensor,1
Data Scientist - Research,Data Scientist,Python,1
Data Scientist - Research,Data Scientist,SQL,1
Data Scientist SR,Data Scientist,SQL,1
Data Scientist - Research,Data Scientist,tableau,1
"Director, Data Science",Data Scientist,Python,1
"Director, Data Science",Data Scientist,excel,1
"Director, Data Science",Data Scientist,SQL,1
"Director, Data Science",Data Scientist,sas,1
Data Scientist SR,Data Scientist,Python,1
"Sr. Data Scientist - Analytics, Personalized Healthcare (PHC)",Data Scientist,Python,1
"Sr. Data Scientist - Analytics, Personalized Healthcare (PHC)",Data Scientist,excel,1
Principal Data Scientist (Computational Chemistry),Data Scientist,tensor,1
"Sr. Data Scientist - Analytics, Personalized Healthcare (PHC)",Data Scientist,spark,1
Principal Data Scientist (Computational Chemistry),Data Scientist,scikit,1
Principal Data Scientist (Computational Chemistry),Data Scientist,keras,1
PL Actuarial-Lead Data Scientist,Data Scientist,sas,1
Principal Data Scientist (Computational Chemistry),Data Scientist,pytorch,1
Principal Data Scientist (Computational Chemistry),Data Scientist,Python,1
Principal Data Scientist (Computational Chemistry),Data Scientist,aws,1
"Sr. Data Scientist, Cyber-Security LT Contract",Data Scientist,Python,1
Analytics Manager - Data Mart,Data Scientist,tableau,1
Analytics Manager - Data Mart,Data Scientist,SQL,1
Senior Research Statistician- Data Scientist,Data Scientist,sas,1
Associate Data Scientist/Computer Scientist,Data Scientist,Python,1
Associate Data Scientist/Computer Scientist,Data Scientist,spark,1
Associate Data Scientist/Computer Scientist,Data Scientist,hadoop,1
"Sr. Data Scientist, Cyber-Security LT Contract",Data Scientist,spark,1
"Sr. Data Scientist, Cyber-Security LT Contract",Data Scientist,excel,1
"Risk and Analytics IT, Data Scientist",Data Scientist,tableau,1
"Risk and Analytics IT, Data Scientist",Data Scientist,Business_Intelligence,1
"Data Scientist, Senior",Data Scientist,Python,1
Analytics Manager,Data Scientist,excel,1
Analytics Manager,Data Scientist,SQL,1
Analytics Manager,Data Scientist,tableau,1
Principal Data Scientist with over 10 years experience,Data Scientist,Python,1
Principal Data Scientist with over 10 years experience,Data Scientist,aws,1
Principal Data Scientist with over 10 years experience,Data Scientist,excel,1
Principal Data Scientist with over 10 years experience,Data Scientist,tableau,1
Sr. Data Scientist II,Data Scientist,Python,1
"Data Scientist, Senior",Data Scientist,aws,1
"Sr. Data Scientist, Cyber-Security LT Contract",Data Scientist,aws,1
"Risk and Analytics IT, Data Scientist",Data Scientist,SQL,1
"Data Scientist, Senior",Data Scientist,SQL,1
"Sr. Data Scientist - Analytics, Personalized Healthcare (PHC)",Data Scientist,SQL,1
"Sr. Data Scientist - Analytics, Personalized Healthcare (PHC)",Data Scientist,hadoop,1
Senior Data Scientist,Data Scientist,flink,1
"Data Scientist (Actuary, FSA or ASA)",Data Scientist,Python,1
"Data Scientist (Actuary, FSA or ASA)",Data Scientist,excel,1
"Data Scientist (Actuary, FSA or ASA)",Data Scientist,SQL,1
"Data Scientist (Actuary, FSA or ASA)",Data Scientist,tableau,1
Staff Data Scientist,Data Scientist,Python,1
Staff Data Scientist,Data Scientist,aws,1
Staff Data Scientist,Data Scientist,SQL,1
Staff Data Scientist,Data Scientist,hadoop,1
"Risk and Analytics IT, Data Scientist",Data Scientist,Python,1
Sr. Data Scientist II,Data Scientist,aws,1
Sr. Data Scientist II,Data Scientist,spark,1
PL Actuarial-Lead Data Scientist,Data Scientist,Python,1
PL Actuarial-Lead Data Scientist,Data Scientist,excel,1
"VP, Data Science",Data Scientist,tensor,1
"VP, Data Science",Data Scientist,keras,1
"VP, Data Science",Data Scientist,SQL,1
Sr. Data Scientist II,Data Scientist,SQL,1
PL Actuarial-Lead Data Scientist,Data Scientist,SQL,1
"VP, Data Science",Data Scientist,excel,1
"VP, Data Science",Data Scientist,Python,1
"Sr. Data Scientist, Cyber-Security LT Contract",Data Scientist,hadoop,1
Sr. Data Scientist II,Data Scientist,hadoop,1
Sr. Data Scientist II,Data Scientist,tensor,1
Sr. Data Scientist II,Data Scientist,scikit,1
"Sr. Data Scientist, Cyber-Security LT Contract",Data Scientist,scikit,1
Sr. Data Scientist II,Data Scientist,pytorch,1
Sr. Data Scientist II,Data Scientist,keras,1
Salesforce Analytics Consultant,Data Analyst,Business_Intelligence,1
Salesforce Analytics Consultant,Data Analyst,tableau,1
"Marketing Data Analyst, May 2020 Undergrad",Data Analyst,SQL,1
"Marketing Data Analyst, May 2020 Undergrad",Data Analyst,sas,1
Senior Data Analyst,Data Analyst,Google_Analytics,1
Salesforce Analytics Consultant,Data Analyst,Python,1
Salesforce Analytics Consultant,Data Analyst,SQL,1
Salesforce Analytics Consultant,Data Analyst,sas,1
"Marketing Data Analyst, May 2020 Undergrad",Data Analyst,excel,1
"Senior Operations Data Analyst, Call Center Operations",Data Analyst,excel,1
"Senior Operations Data Analyst, Call Center Operations",Data Analyst,tableau,1
Systems Engineer II - Data Analyst,Data Analyst,excel,1
Analytics - Business Assurance Data Analyst,Data Analyst,excel,1
Analytics - Business Assurance Data Analyst,Data Analyst,SQL,1
Analytics - Business Assurance Data Analyst,Data Analyst,tableau,1
Data Analyst Senior,Data Analyst,excel,1
Data Analyst Senior,Data Analyst,SQL,1
Data Analyst Senior,Data Analyst,sas,1
Data Analyst Senior,Data Analyst,tableau,1
Corporate Risk Data Analyst (sql_ Based) - Milwaukee or,Data Analyst,excel,1
Marketing Data Analyst,Data Analyst,Python,1
Information Security Data Analyst,Data Analyst,Python,1
Information Security Data Analyst,Data Analyst,spark,1
Information Security Data Analyst,Data Analyst,hadoop,1
Consultant - Analytics Consulting,Data Analyst,excel,1
Marketing Data Analyst,Data Analyst,Business_Intelligence,1
Program/Data Analyst,Data Analyst,excel,1
Program/Data Analyst,Data Analyst,SQL,1
Program/Data Analyst,Data Analyst,tableau,1
Corporate Risk Data Analyst (sql_ Based) - Milwaukee or,Data Analyst,aws,1
CONSULTANT– DATA ANALYTICS GROUP,Data Analyst,SQL,1
Senior Quantitative Analyst,Data Analyst,Python,1
Senior Quantitative Analyst,Data Analyst,excel,1
Senior Quantitative Analyst,Data Analyst,SQL,1
Sr. Data Analyst,Data Analyst,spark,1
Senior Data Analyst/Scientist,Data Analyst,SQL,1
Senior Data Analyst/Scientist,Data Analyst,tableau,1
Senior Data Analyst/Scientist,Data Analyst,Business_Intelligence,1
Foundational Community Supports Data Analyst,Data Analyst,aws,1
Foundational Community Supports Data Analyst,Data Analyst,excel,1
Foundational Community Supports Data Analyst,Data Analyst,SQL,1
"Senior Health Data Analyst, Star Ratings",Data Analyst,SQL,1
Sr. Data Analyst,Data Analyst,Business_Intelligence,1
Data Analyst Chemist - Quality System Contractor,Data Analyst,excel,1
Supply Chain Data Analyst,Data Analyst,SQL,1
Sr Data Analyst - IT,Data Analyst,excel,1
Sr Data Analyst - IT,Data Analyst,SQL,1
Sr Data Analyst - IT,Data Analyst,tableau,1
"Data Analyst, Performance Partnership",Data Analyst,aws,1
"Data Analyst, Performance Partnership",Data Analyst,excel,1
"Data Analyst, Performance Partnership",Data Analyst,SQL,1
"Data Analyst, Performance Partnership",Data Analyst,tableau,1
"Data Analyst, Performance Partnership",Data Analyst,Business_Intelligence,1
Supply Chain Data Analyst,Data Analyst,tableau,1
"Data Analyst 1, full-time contract worker for up to 12 months",Data Analyst,aws,1
Clinical Data Analyst,Data Analyst,excel,1
Clinical Data Analyst,Data Analyst,SQL,1
Business Data Analyst,Data Analyst,Python,1
Business Data Analyst,Data Analyst,excel,1
Business Data Analyst,Data Analyst,SQL,1
Business Data Analyst,Data Analyst,Business_Intelligence,1
Business Data Analyst,Data Analyst,Google_Analytics,1
IT Associate Data Analyst,Data Analyst,SQL,1
Data Analyst 2 (Missionary Department),Data Analyst,SQL,1
Data Analyst 2 (Missionary Department),Data Analyst,tableau,1
Supply Chain Data Analyst,Data Analyst,Python,1
Supply Chain Data Analyst,Data Analyst,excel,1
"Data Analyst 1, full-time contract worker for up to 12 months",Data Analyst,excel,1
"Data Analyst 1, full-time contract worker for up to 12 months",Data Analyst,SQL,1
Products Data Analyst II,Data Analyst,excel,1
Products Data Analyst II,Data Analyst,SQL,1
Products Data Analyst II,Data Analyst,sas,1
Products Data Analyst II,Data Analyst,tableau,1
Products Data Analyst II,Data Analyst,mongo,1
Lead Data Analyst,Data Analyst,spark,1
Lead Data Analyst,Data Analyst,SQL,1
CONSULTANT– DATA ANALYTICS GROUP,Data Analyst,Python,1
Data Analyst / Scientist,Data Analyst,excel,1
Financial Data Analyst,Data Analyst,excel,1
Financial Data Analyst,Data Analyst,SQL,1
Financial Data Analyst,Data Analyst,tableau,1
E-Commerce Data Analyst,Data Analyst,SQL,1
Data Analyst - Asset Management,Data Analyst,excel,1
Data Analyst - Asset Management,Data Analyst,SQL,1
E-Commerce Data Analyst,Data Analyst,excel,1
Web Data Analyst,Data Analyst,Python,1
Web Data Analyst,Data Analyst,excel,1
Web Data Analyst,Data Analyst,SQL,1
Web Data Analyst,Data Analyst,tableau,1
Web Data Analyst,Data Analyst,Business_Intelligence,1
Data Analyst,Data Analyst,mongo,1
Data Analyst,Data Analyst,spark,1
Jr. Business Data Analyst,Data Analyst,excel,1
Jr. Business Data Analyst,Data Analyst,Google_Analytics,1
Analytics Consultant,Data Analyst,tableau,1
Analytics Consultant,Data Analyst,Python,1
Marketing Data Analyst,Data Analyst,excel,1
Marketing Data Analyst,Data Analyst,sas,1
Marketing Data Analyst,Data Analyst,Google_Analytics,1
Junior Data Analyst,Data Analyst,SQL,1
Data & Analytics Consultant (NYC),Data Analyst,SQL,1
Data & Analytics Consultant (NYC),Data Analyst,tableau,1
Data & Analytics Consultant (NYC),Data Analyst,excel,1
Survey Data Analyst,Data Analyst,excel,1
Survey Data Analyst,Data Analyst,SQL,1
Lead Health Data Analyst - Front End,Data Analyst,aws,1
Lead Health Data Analyst - Front End,Data Analyst,SQL,1
Lead Health Data Analyst - Front End,Data Analyst,sas,1
Junior Data Analyst,Data Analyst,excel,1
Survey Data Analyst,Data Analyst,Python,1
Data & Analytics Consultant (NYC),Data Analyst,Python,1
Business Intelligence Analyst / Developer,Data Analyst,SQL,1
"Business Data Analyst, sql_",Data Analyst,excel,1
System and Data Analyst,Data Analyst,excel,1
"Business Data Analyst, sql_",Data Analyst,SQL,1
"Business Data Analyst, sql_",Data Analyst,tableau,1
"Business Data Analyst, sql_",Data Analyst,Business_Intelligence,1
Data Analyst,Data Analyst,hadoop,1
Junior Data Analyst,Data Analyst,Business_Intelligence,1
Digital Marketing & ECommerce Data Analyst,Data Analyst,excel,1
Digital Marketing & ECommerce Data Analyst,Data Analyst,Google_Analytics,1
Junior Data Analyst,Data Analyst,tableau,1
Radar Data Analyst,Data Analyst,excel,1
Radar Data Analyst,Data Analyst,Python,1
Insurance Financial Data Analyst,Data Analyst,SQL,1
Information Security Data Analyst,Data Analyst,aws,1
Excel / VBA / sql_ Data Analyst,Data Analyst,SQL,1
Excel / VBA / sql_ Data Analyst,Data Analyst,excel,1
Insurance Financial Data Analyst,Data Analyst,excel,1
"Data Engineer, Data Engineering and Artifical Intelligence",Data Engineer,hadoop,1
Senior Data Engineer,Data Engineer,tensor,1
Lead Big Data Engineer,Data Engineer,Python,1
Lead Big Data Engineer,Data Engineer,spark,1
Lead Big Data Engineer,Data Engineer,aws,1
Lead Big Data Engineer,Data Engineer,excel,1
Lead Big Data Engineer,Data Engineer,hadoop,1
Sr Data Engineer (Sr BI Developer),Data Engineer,SQL,1
Sr Data Engineer (Sr BI Developer),Data Engineer,hadoop,1
Lead Data Engineer (Python),Data Engineer,aws,1
Lead Data Engineer (Python),Data Engineer,Python,1
Sr. Data Engineer (ETL Developer),Data Engineer,Python,1
Sr. Data Engineer (ETL Developer),Data Engineer,excel,1
Sr. Data Engineer (ETL Developer),Data Engineer,SQL,1
Sr. Data Engineer (ETL Developer),Data Engineer,tableau,1
Associate Data Engineer,Data Engineer,spark,1
Associate Data Engineer,Data Engineer,aws,1
Associate Data Engineer,Data Engineer,excel,1
Associate Data Engineer,Data Engineer,SQL,1
Staff BI and Data Engineer,Data Engineer,Python,1
Staff BI and Data Engineer,Data Engineer,spark,1
Staff BI and Data Engineer,Data Engineer,SQL,1
Staff BI and Data Engineer,Data Engineer,tableau,1
"Data Engineer, Data Engineering and Artifical Intelligence",Data Engineer,Python,1
"Data Engineer, Data Engineering and Artifical Intelligence",Data Engineer,spark,1
"Data Engineer, Data Engineering and Artifical Intelligence",Data Engineer,aws,1
"Data Engineer, Data Engineering and Artifical Intelligence",Data Engineer,excel,1
"Data Engineer, Data Engineering and Artifical Intelligence",Data Engineer,SQL,1
"Data Engineer, Data Engineering and Artifical Intelligence",Data Engineer,tableau,1
"Data Engineer, Data Engineering and Artifical Intelligence",Data Engineer,mongo,1
"Principal Data Engineer, Data Platform & Insights",Data Engineer,Python,1
"Principal Data Engineer, Data Platform & Insights",Data Engineer,spark,1
"Principal Data Engineer, Data Platform & Insights",Data Engineer,excel,1
"Principal Data Engineer, Data Platform & Insights",Data Engineer,SQL,1
IT - Data Engineer II,Data Engineer,spark,1
IT - Data Engineer II,Data Engineer,excel,1
IT - Data Engineer II,Data Engineer,SQL,1
IT - Data Engineer II,Data Engineer,hadoop,1
"Associate Director, Platform and DevOps- Data Engineering and Aritifical Intelligence",Data Engineer,spark,1
"Associate Director, Platform and DevOps- Data Engineering and Aritifical Intelligence",Data Engineer,aws,1
"Associate Director, Platform and DevOps- Data Engineering and Aritifical Intelligence",Data Engineer,excel,1
"Associate Director, Platform and DevOps- Data Engineering and Aritifical Intelligence",Data Engineer,SQL,1
"Associate Director, Platform and DevOps- Data Engineering and Aritifical Intelligence",Data Engineer,hadoop,1
"Associate Director, Platform and DevOps- Data Engineering and Aritifical Intelligence",Data Engineer,mongo,1
Sr. Data Engineer,Data Engineer,Python,1
Sr. Data Engineer,Data Engineer,spark,1
Sr. Data Engineer,Data Engineer,aws,1
Sr. Data Engineer,Data Engineer,hadoop,1
Sr. Data Engineer,Data Engineer,mongo,1
Data Engineering Analyst,Data Engineer,hadoop,1
Data Engineering Analyst,Data Engineer,SQL,1
Data Engineer - ETL,Data Engineer,aws,1
Data Engineer - ETL,Data Engineer,excel,1
Data Engineer - ETL,Data Engineer,SQL,1
Big Data Engineer,Data Engineer,SQL,1
Data Engineering Analyst,Data Engineer,Python,1
Data Engineering Analyst,Data Engineer,spark,1
Data Engineering Analyst,Data Engineer,excel,1
Data Engineer - ETL,Data Engineer,spark,1
Sr. Data Engineer | Big Data SaaS Pipeline,Data Engineer,flink,1
Sr. Data Engineer | Big Data SaaS Pipeline,Data Engineer,hadoop,1
Sr. Data Engineer | Big Data SaaS Pipeline,Data Engineer,spark,1
Sr. Data Engineer | Big Data SaaS Pipeline,Data Engineer,aws,1
Data Engineer - ETL,Data Engineer,Python,1
Software Data Engineer - College,Data Engineer,SQL,1
Data Engineer - Consultant (Charlotte Based),Data Engineer,Python,1
Staff Data Engineer,Data Engineer,Python,1
Staff Data Engineer,Data Engineer,SQL,1
Staff Data Engineer,Data Engineer,hadoop,1
Staff Data Engineer,Data Engineer,flink,1
Staff Data Engineer,Data Engineer,mongo,1
Data Engineer - Consultant (Charlotte Based),Data Engineer,excel,1
Data Engineer - Consultant (Charlotte Based),Data Engineer,SQL,1
Data Engineer - Consultant (Charlotte Based),Data Engineer,hadoop,1
Data Engineer,Data Engineer,flink,1
MongoDB Data Engineer II,Data Engineer,SQL,1
MongoDB Data Engineer II,Data Engineer,sas,1
MongoDB Data Engineer II,Data Engineer,tableau,1
MongoDB Data Engineer II,Data Engineer,mongo,1
MongoDB Data Engineer II,Data Engineer,excel,1
Data Engineer 4 - Contract,Data Engineer,aws,1
Data Engineer 4 - Contract,Data Engineer,excel,1
Data Engineer I,Data Engineer,excel,1
Lead Data Engineer,Data Engineer,Python,1
Lead Data Engineer,Data Engineer,aws,1
Lead Data Engineer,Data Engineer,SQL,1
sql_ Data Engineer,Data Engineer,aws,1
Lead Data Engineer,Data Engineer,spark,1
sql_ Data Engineer,Data Engineer,Business_Intelligence,1
sql_ Data Engineer,Data Engineer,hadoop,1
sql_ Data Engineer,Data Engineer,SQL,1
sql_ Data Engineer,Data Engineer,tableau,1
Big Data Engineer - Chicago - Future Opportunity,Data Engineer,Python,1
Big Data Engineer - Chicago - Future Opportunity,Data Engineer,spark,1
Big Data Engineer - Chicago - Future Opportunity,Data Engineer,aws,1
Big Data Engineer - Chicago - Future Opportunity,Data Engineer,SQL,1
Big Data Engineer - Chicago - Future Opportunity,Data Engineer,hadoop,1
Sr. Data Engineer - Contract-to-Hire (Java),Data Engineer,Python,1
Sr. Data Engineer - Contract-to-Hire (Java),Data Engineer,SQL,1
sql_ Data Engineer,Data Engineer,Python,1
Data Engineer 5 - Contract (Remote),Data Engineer,excel,1
Data Engineer I - Azure,Data Engineer,excel,1
Data Engineer I - Azure,Data Engineer,SQL,1
Data Engineer I - Azure,Data Engineer,hadoop,1
"Technology-Minded, Data Professional Opportunities",Not Available,SQL,1
"Technology-Minded, Data Professional Opportunities",Not Available,hadoop,1
"Technology-Minded, Data Professional Opportunities",Not Available,tableau,1
"Technology-Minded, Data Professional Opportunities",Not Available,mongo,1
"Technology-Minded, Data Professional Opportunities",Not Available,excel,1
"Scientist, Pharmacometrics",Other Scientist,sas,1
"Technology-Minded, Data Professional Opportunities",Not Available,spark,1
Data Modeler - Data Solutions Engineer,data modeler,Python,1
Data Modeler - Data Solutions Engineer,data modeler,excel,1
Data Modeler - Data Solutions Engineer,data modeler,SQL,1
Data Modeler - Data Solutions Engineer,data modeler,Business_Intelligence,1
Associate Environmental Scientist - Wildlife Biologist,Other Scientist,excel,1
RESEARCH COMPUTER SCIENTIST - RESEARCH ENGINEER - SR. COMPUTER SCIENTIST - SOFTWARE DEVELOPMENT,Other Scientist,Python,1
RESEARCH COMPUTER SCIENTIST - RESEARCH ENGINEER - SR. COMPUTER SCIENTIST - SOFTWARE DEVELOPMENT,Other Scientist,aws,1
RESEARCH COMPUTER SCIENTIST - RESEARCH ENGINEER - SR. COMPUTER SCIENTIST - SOFTWARE DEVELOPMENT,Other Scientist,excel,1
RESEARCH COMPUTER SCIENTIST - RESEARCH ENGINEER - SR. COMPUTER SCIENTIST - SOFTWARE DEVELOPMENT,Other Scientist,SQL,1
Senior Scientist - Toxicologist - Product Integrity (Stewardship),Other Scientist,excel,1
"Associate Director/Director, Safety Scientist",director,excel,1
Senior Scientist (Neuroscience),Other Scientist,Python,1
Senior Scientist (Neuroscience),Other Scientist,excel,1
Machine Learning Engineer - Regulatory,ML Engineer,Python,1
Data Operations Lead,Not Available,tableau,1
Machine Learning Engineer (NLP),ML Engineer,pytorch,1
"Associate Scientist/Scientist, Process Analytical Technology - Small Molecule Analytical Chemistry",Other Scientist,excel,1
Data Operations Lead,Not Available,Python,1
Data Operations Lead,Not Available,excel,1
Data Operations Lead,Not Available,SQL,1
Machine Learning Engineer - Regulatory,ML Engineer,excel,1
Machine Learning Engineer - Regulatory,ML Engineer,SQL,1
"Scientist, Bacteriology",Other Scientist,excel,1
"Associate Scientist, LC/MS Biologics",Other Scientist,excel,1
Sr. Scientist Method Development,Other Scientist,excel,1
"Research Scientist, Immunology - Cancer Biology",Other Scientist,excel,1
"Project Scientist - Auton Lab, Robotics Institute",Other Scientist,excel,1
"Enterprise Architect, Data",Not Available,spark,1
"Enterprise Architect, Data",Not Available,aws,1
"Enterprise Architect, Data",Not Available,excel,1
"Enterprise Architect, Data",Not Available,SQL,1
"Enterprise Architect, Data",Not Available,hadoop,1
"Enterprise Architect, Data",Not Available,tableau,1
"Enterprise Architect, Data",Not Available,Business_Intelligence,1
"Enterprise Architect, Data",Not Available,Python,1
Senior Scientist - Regulatory Submissions,Other Scientist,excel,1
ENVIRONMENTAL ENGINEER/SCIENTIST,Other Scientist,excel,1
Scientist - Analytical Services,Other Scientist,excel,1
Machine Learning Engineer - Regulatory,ML Engineer,hadoop,1
Associate Research Scientist I (Protein Expression and Production),Other Scientist,excel,1
"Director, Precision Medicine Clinical Biomarker Scientist",director,aws,1
Research Scientist or Senior Research Scientist - Computer Vision,Other Scientist,aws,1
Research Scientist or Senior Research Scientist - Computer Vision,Other Scientist,excel,1
Senior Formulations Scientist II,Other Scientist,excel,1
Data Modeler (Analytical Systems),data modeler,spark,1
Data Modeler (Analytical Systems),data modeler,aws,1
Data Modeler (Analytical Systems),data modeler,excel,1
Data Modeler (Analytical Systems),data modeler,SQL,1
Data Modeler (Analytical Systems),data modeler,hadoop,1
"Scientist – Cancer Discovery, Molecular Assay",Other Scientist,excel,1
Research Scientist or Senior Research Scientist - Computer Vision,Other Scientist,pytorch,1
Research Scientist or Senior Research Scientist - Computer Vision,Other Scientist,tensor,1
"Research Scientist, Machine Learning Department",ML Engineer,Python,1
Data Architect / Data Modeler,data modeler,aws,1
Data Architect / Data Modeler,data modeler,excel,1
Data Architect / Data Modeler,data modeler,SQL,1
"Associate Scientist / Sr. Associate Scientist, Antibody Discovery",Other Scientist,aws,1
"Associate Scientist / Sr. Associate Scientist, Antibody Discovery",Other Scientist,excel,1
Machine Learning Engineer (NLP),ML Engineer,Python,1
Machine Learning Engineer (NLP),ML Engineer,aws,1
Machine Learning Engineer (NLP),ML Engineer,excel,1
"Research Scientist, Machine Learning Department",ML Engineer,SQL,1
"Research Scientist, Machine Learning Department",ML Engineer,scikit,1
"Senior Engineer, Data Management Engineering",Not Available,Python,1
"Senior Engineer, Data Management Engineering",Not Available,spark,1
"Senior Engineer, Data Management Engineering",Not Available,aws,1
"Senior Engineer, Data Management Engineering",Not Available,SQL,1
"Senior Engineer, Data Management Engineering",Not Available,hadoop,1
Quality Control Scientist III- Analytical Development,Other Scientist,excel,1
"Clinical Scientist, Clinical Development",Other Scientist,excel,1
Software Engineer Staff Scientist: Human Language Technologies,Other Scientist,Python,1
Software Engineer Staff Scientist: Human Language Technologies,Other Scientist,SQL,1
Senior Scientist - Biostatistician,Other Scientist,excel,1
Principal Machine Learning Scientist,ML Engineer,Python,1
Principal Machine Learning Scientist,ML Engineer,SQL,1
Principal Machine Learning Scientist,ML Engineer,scikit,1
"Sr Scientist, Immuno-Oncology - Oncology",Other Scientist,aws,1
Research Scientist – Security and Privacy,Other Scientist,Python,1
"Scientist, Immuno-Oncology",Other Scientist,aws,1
Machine Learning Engineer,ML Engineer,pytorch,1
Machine Learning Engineer (NLP),ML Engineer,tensor,1
Associate Scientist,Other Scientist,excel,1
"Scientist 2, QC Viral Vector",Other Scientist,excel,1
Machine Learning Engineer,ML Engineer,spark,1
Machine Learning Engineer,ML Engineer,hadoop,1
Sr. Scientist II,Other Scientist,excel,1
Senior Research Scientist - Embedded System Development for DevOps,Other Scientist,Python,1
Data Management Specialist,Not Available,hadoop,1
Data Management Specialist,Not Available,SQL,1
Scientist,Other Scientist,aws,1
"Scientist I/II, Biology",Other Scientist,excel,1
Research Scientist,Other Scientist,aws,1
Data Management Specialist,Not Available,excel,1
Scientist,Other Scientist,excel,1
Senior Research Scientist - Embedded System Development for DevOps,Other Scientist,excel,1
Software Engineer - Data Visualization,Not Available,excel,1
Staff Machine Learning Engineer,ML Engineer,Python,1
Staff Machine Learning Engineer,ML Engineer,spark,1
Staff Machine Learning Engineer,ML Engineer,SQL,1
Staff Machine Learning Engineer,ML Engineer,scikit,1
Staff Machine Learning Engineer,ML Engineer,tensor,1
Senior Data & Machine Learning Scientist,ML Engineer,Python,1
Senior Data & Machine Learning Scientist,ML Engineer,aws,1
Senior Data & Machine Learning Scientist,ML Engineer,SQL,1
Senior Data & Machine Learning Scientist,ML Engineer,pytorch,1
Senior Data & Machine Learning Scientist,ML Engineer,scikit,1
Senior Data & Machine Learning Scientist,ML Engineer,tensor,1
Medical Laboratory Scientist,Other Scientist,aws,1
Staff Scientist-Downstream Process Development,Other Scientist,excel,1
PV Scientist,Other Scientist,excel,1
Sr. Scientist - Digital & Image Analysis/Computational Pathology,Other Scientist,excel,1
Principal Scientist - Immunologist,Other Scientist,excel,1
Pricipal Scientist Molecular and cellular biologist,Other Scientist,excel,1
Senior Scientist - Neuroscience,Other Scientist,Python,1
Senior Scientist - Neuroscience,Other Scientist,excel,1
Machine Learning Research Scientist,ML Engineer,Python,1
Staff Data Engineer,Data Engineer,spark,2
Staff Data Engineer,Data Engineer,aws,2
Big Data Engineer,Data Engineer,spark,2
Sr. Data Analyst,Data Analyst,tableau,2
Sr. Data Analyst,Data Analyst,Python,2
Big Data Engineer,Data Engineer,Python,2
Data Engineer,Data Engineer,Business_Intelligence,2
Big Data Engineer,Data Engineer,hadoop,2
Information Security Data Analyst,Data Analyst,SQL,2
Sr. Data Analyst,Data Analyst,excel,2
Associate Data Analyst,Data Analyst,excel,2
Data Analyst,Data Analyst,aws,2
Marketing Data Analyst,Data Analyst,tableau,2
Data Science Manager,Data Scientist,excel,2
Sr. Data Engineer,Data Engineer,SQL,2
Machine Learning Engineer,ML Engineer,excel,2
Machine Learning Engineer,ML Engineer,SQL,2
Machine Learning Engineer,ML Engineer,tensor,2
Senior Data Engineer,Data Engineer,excel,2
Marketing Data Analyst,Data Analyst,SQL,2
Data Scientist,Data Scientist,flink,2
Senior Data Engineer,Data Engineer,flink,2
Lead Data Scientist,Data Scientist,scikit,2
Research Scientist,Other Scientist,excel,2
Principal Data Scientist,Data Scientist,excel,2
Principal Data Scientist,Data Scientist,Python,2
Senior Data Analyst,Data Analyst,Business_Intelligence,2
Machine Learning Engineer,ML Engineer,aws,2
Senior Data Scientist,Data Scientist,tensor,3
Sr. Data Analyst,Data Analyst,SQL,3
Lead Data Scientist,Data Scientist,excel,3
Machine Learning Engineer,ML Engineer,Python,3
Data Engineer,Data Engineer,mongo,3
Data Analyst,Data Analyst,Business_Intelligence,3
Senior Data Scientist,Data Scientist,sas,3
Senior Data Analyst,Data Analyst,tableau,3
Senior Data Scientist,Data Scientist,scikit,3
Senior Data Scientist,Data Scientist,hadoop,3
Data Scientist,Data Scientist,Google_Analytics,3
Data Engineer,Data Engineer,tableau,4
Lead Data Scientist,Data Scientist,SQL,4
Senior Data Engineer,Data Engineer,hadoop,4
Senior Data Scientist,Data Scientist,Business_Intelligence,4
Data Scientist,Data Scientist,mongo,5
Lead Data Scientist,Data Scientist,Python,5
Senior Data Engineer,Data Engineer,Python,5
Senior Data Engineer,Data Engineer,spark,5
Senior Data Analyst,Data Analyst,excel,5
Senior Data Engineer,Data Engineer,SQL,5
Senior Data Engineer,Data Engineer,aws,6
Senior Data Scientist,Data Scientist,tableau,6
Senior Data Scientist,Data Scientist,spark,6
Data Analyst,Data Analyst,Python,6
Senior Data Analyst,Data Analyst,Python,6
Data Analyst,Data Analyst,tableau,6
Senior Data Analyst,Data Analyst,SQL,7
Senior Data Scientist,Data Scientist,aws,7
Data Scientist,Data Scientist,Business_Intelligence,9
Data Analyst,Data Analyst,SQL,10
Data Scientist,Data Scientist,pytorch,11
Data Scientist,Data Scientist,keras,11
Senior Data Scientist,Data Scientist,SQL,11
Data Engineer,Data Engineer,hadoop,13
Senior Data Scientist,Data Scientist,excel,13
Data Analyst,Data Analyst,excel,13
Data Engineer,Data Engineer,aws,15
Data Scientist,Data Scientist,scikit,16
Data Scientist,Data Scientist,sas,16
Senior Data Scientist,Data Scientist,Python,17
Data Engineer,Data Engineer,excel,18
Data Engineer,Data Engineer,spark,20
Data Scientist,Data Scientist,hadoop,20
Data Scientist,Data Scientist,aws,21
Data Scientist,Data Scientist,tensor,23
Data Engineer,Data Engineer,Python,26
Data Scientist,Data Scientist,tableau,28
Data Engineer,Data Engineer,SQL,29
Data Scientist,Data Scientist,spark,32
Data Scientist,Data Scientist,excel,54
Data Scientist,Data Scientist,SQL,68
Data Scientist,Data Scientist,Python,83
